{"cameraMode":{"drawMode":0,"name":"Shaded","section":"Shading Mode"},"sceneLighting":true,"audioPlay":false,"sceneViewState":{"showFog":true,"showMaterialUpdate":false,"showSkybox":true,"showFlares":true,"showImageEffects":true,"showParticleSystems":true,"showVisualEffectGraphs":true,"m_FxEnabled":true},"in2DMode":false,"pivot":{"x":0.12177173048257828,"y":0.08556829392910004,"z":-0.4702898859977722},"rotation":{"x":0.06744810938835144,"y":-0.004490042105317116,"z":0.0003034666005987674,"w":0.997714638710022},"size":0.3418653607368469,"orthographic":true}