{"cameraMode":{"drawMode":0,"name":"Shaded","section":"Shading Mode"},"sceneLighting":true,"audioPlay":false,"sceneViewState":{"showFog":true,"showMaterialUpdate":false,"showSkybox":true,"showFlares":true,"showImageEffects":true,"showParticleSystems":true,"showVisualEffectGraphs":true,"m_FxEnabled":true},"in2DMode":false,"pivot":{"x":0.2157994508743286,"y":0.17615419626235963,"z":-0.4135916531085968},"rotation":{"x":0.004499973729252815,"y":0.0014999564737081528,"z":-0.000005586548468272667,"w":1.0000017881393433},"size":0.939601719379425,"orthographic":true}