{"cameraMode":{"drawMode":0,"name":"Shaded","section":"Shading Mode"},"sceneLighting":true,"audioPlay":false,"sceneViewState":{"showFog":true,"showMaterialUpdate":false,"showSkybox":true,"showFlares":true,"showImageEffects":true,"showParticleSystems":true,"showVisualEffectGraphs":true,"m_FxEnabled":true},"in2DMode":false,"pivot":{"x":0.09831459820270539,"y":0.042928505688905719,"z":-0.08168157935142517},"rotation":{"x":0.010319923050701619,"y":0.5102344751358032,"z":-0.006123108323663473,"w":0.8599521517753601},"size":0.2982628047466278,"orthographic":true}