{"cameraMode":{"drawMode":0,"name":"Shaded","section":"Shading Mode"},"sceneLighting":true,"audioPlay":false,"sceneViewState":{"showFog":true,"showMaterialUpdate":false,"showSkybox":true,"showFlares":true,"showImageEffects":true,"showParticleSystems":true,"showVisualEffectGraphs":true,"m_FxEnabled":true},"in2DMode":false,"pivot":{"x":1474.3822021484375,"y":704.4451904296875,"z":-14.631195068359375},"rotation":{"x":-0.01680857315659523,"y":0.003596702590584755,"z":-0.00006043158282409422,"w":-0.9998534321784973},"size":785.2968139648438,"orthographic":true}