{"cameraMode":{"drawMode":0,"name":"Shaded","section":"Shading Mode"},"sceneLighting":true,"audioPlay":false,"sceneViewState":{"showFog":true,"showMaterialUpdate":false,"showSkybox":true,"showFlares":true,"showImageEffects":true,"showParticleSystems":true,"showVisualEffectGraphs":true,"m_FxEnabled":true},"in2DMode":false,"pivot":{"x":-0.15739452838897706,"y":0.2644089162349701,"z":0.8556938171386719},"rotation":{"x":0.1313456892967224,"y":-0.06389442086219788,"z":0.008495468646287918,"w":0.9892572164535523},"size":0.2928944230079651,"orthographic":false}